context,exp_method,comprehensiveness,sufficiency
True,LIME,0.659577526230561,0.138625179089998
True,SHAP,0.494217306375504,-0.0059320628643035
False,LIME,0.349183578522582,-0.109370842858365
False,SHAP,0.333295077116866,-0.11425943057788
