dataset,context,exp_method,comprehensiveness,sufficiency
yu22,True,LIME,0.6595775262305611,0.1386251790899979
yu22,True,SHAP,0.4942173063755035,-0.0059320628643035
yu22,False,LIME,0.3794055564779984,-0.0620367624885157