dataset,context,model_name,seed,accuracy,precision,recall,f1
yu22,True,yu22_1022,1022,0.5987394957983193,0.5989937240511605,0.5987394957983193,0.5944400277428471
yu22,True,yu22_20,20,0.5714285714285714,0.5715884479040919,0.5714285714285714,0.5697617223185926
yu22,True,yu22_45,45,0.5840336134453782,0.5654079163363063,0.5840336134453782,0.556621635152688
yu22,True,yu22_200,200,0.5882352941176471,0.5907227422717739,0.5882352941176471,0.5893649506023733
yu22,True,yu22_349,349,0.6008403361344538,0.5876216394776946,0.6008403361344538,0.588513525943363
yu22,False,yu22_20,20,0.5378151260504201,0.5466244298698348,0.5378151260504201,0.5373774407766209
