dataset,context,model_name,seed,accuracy,precision,recall,f1
yu22,True,yu22_349,349,0.6092436974789915,0.5970394128723904,0.6092436974789915,0.5954401587124234
yu22,True,yu22_1022,1022,0.5987394957983193,0.5989937240511605,0.5987394957983193,0.5944400277428471
yu22,True,yu22_20,20,0.5714285714285714,0.5715884479040919,0.5714285714285714,0.5697617223185926
