dataset,context,model_name,seed,accuracy,precision,recall,f1
yu22,True,yu22_20,20,0.5567226890756303,0.5609502500835408,0.5567226890756303,0.5572635900310594
