dataset,context,model_name,seed,accuracy,precision,recall,f1
yu22,True,yu22_20,20,0.5567226890756303,0.5609502500835408,0.5567226890756303,0.5572635900310594
yu22,True,yu22_45,45,0.569327731092437,0.555161499807272,0.569327731092437,0.556920440897507
